{"cameraMode":{"drawMode":0,"name":"Shaded","section":"Shading Mode"},"sceneLighting":false,"audioPlay":false,"sceneViewState":{"m_AlwaysRefresh":false,"showFog":false,"showSkybox":false,"showFlares":false,"showImageEffects":false,"showParticleSystems":false,"showVisualEffectGraphs":true,"m_FxEnabled":true},"in2DMode":false,"pivot":{"x":0.002196013927459717,"y":0.8894742727279663,"z":-0.00757250189781189},"rotation":{"x":0.16507607698440553,"y":0.07597387582063675,"z":-0.012020383961498738,"w":0.9836921095848084},"size":1.3154492378234864,"orthographic":false}